,edge,grade,money,value,is_best,bet_quality,implied_value,projected_value,ou,book_name,display_name,full_name,prop
336,0.037918613634276,C,-155,5.5,True,5.0,4.796437636026484,4.83,under,Best Odds,Rays,Aaron Civale,strikeouts
337,-0.100307205434632,F,120,5.5,False,4.0,5.030958424017656,4.83,over,Best Odds,Rays,Aaron Civale,strikeouts
344,0.030377135504563,C,-160,5.5,True,5.0,4.796437636026484,4.83,under,BetMGM NJ,Rays,Aaron Civale,strikeouts
345,-0.100307205434632,F,120,5.5,False,4.0,5.030958424017656,4.83,over,BetMGM NJ,Rays,Aaron Civale,strikeouts
342,0.031862136989564,C,-159,5.5,True,5.0,4.796437636026484,4.83,under,BetRivers NJ,Rays,Aaron Civale,strikeouts
343,-0.100307205434632,F,120,5.5,False,4.0,5.030958424017656,4.83,over,BetRivers NJ,Rays,Aaron Civale,strikeouts
350,0.017508962785089,C-,-169,5.5,True,4.0,4.561916848035312,4.83,under,Caesars NJ,Rays,Aaron Civale,strikeouts
351,-0.094192244162721,F,123,5.5,False,4.0,5.030958424017656,4.83,over,Caesars NJ,Rays,Aaron Civale,strikeouts
338,0.045761750889178,C,-150,5.5,True,5.0,4.796437636026484,4.83,under,DK NJ,Rays,Aaron Civale,strikeouts
339,-0.100307205434632,F,120,5.5,False,4.0,5.030958424017656,4.83,over,DK NJ,Rays,Aaron Civale,strikeouts
340,0.04346208354836,C,134,4.5,True,5.0,4.924264068711928,4.83,under,FanDuel NJ,Rays,Aaron Civale,strikeouts
341,-0.103165452075257,F,-172,4.5,False,3.0,5.348528137423856,4.83,over,FanDuel NJ,Rays,Aaron Civale,strikeouts
346,0.030377135504563,C,-160,5.5,True,5.0,4.796437636026484,4.83,under,PointsBet NJ,Rays,Aaron Civale,strikeouts
347,-0.100307205434632,F,120,5.5,False,4.0,5.030958424017656,4.83,over,PointsBet NJ,Rays,Aaron Civale,strikeouts
348,0.071293665782795,C+,-135,5.5,True,6.0,5.030958424017656,4.83,under,bet365 NJ,Rays,Aaron Civale,strikeouts
349,-0.133566628937958,F,105,5.5,False,3.0,5.265479212008828,4.83,over,bet365 NJ,Rays,Aaron Civale,strikeouts
135,0.014348509443478,C-,-148,6.5,True,4.0,5.735147072961083,5.97,under,Best Odds,Phillies,Aaron Nola,strikeouts
134,-0.074085665954828,F,116,6.5,False,4.0,6.245049024320361,5.97,over,Best Odds,Phillies,Aaron Nola,strikeouts
142,0.019285968297987,C-,-145,6.5,True,4.0,5.735147072961083,5.97,under,BetMGM NJ,Phillies,Aaron Nola,strikeouts
143,-0.087313179182341,F,110,6.5,False,4.0,6.245049024320361,5.97,over,BetMGM NJ,Phillies,Aaron Nola,strikeouts
140,0.029532744832869,C,-139,6.5,True,4.0,5.735147072961083,5.97,under,BetRivers NJ,Phillies,Aaron Nola,strikeouts
141,-0.098927581040645,F,105,6.5,False,4.0,6.245049024320361,5.97,over,BetRivers NJ,Phillies,Aaron Nola,strikeouts
149,-0.012937447384075,D+,-166,6.5,True,3.0,5.480196097281444,5.97,under,Caesars NJ,Phillies,Aaron Nola,strikeouts
148,-0.065668157537319,F,120,6.5,False,5.0,5.990098048640722,5.97,over,Caesars NJ,Phillies,Aaron Nola,strikeouts
137,0.011122702991865,C-,-150,6.5,True,4.0,5.735147072961083,5.97,under,DK NJ,Phillies,Aaron Nola,strikeouts
136,-0.065668157537319,F,120,6.5,False,5.0,5.990098048640722,5.97,over,DK NJ,Phillies,Aaron Nola,strikeouts
138,0.014348509443478,C-,-148,6.5,True,4.0,5.735147072961083,5.97,under,FanDuel NJ,Phillies,Aaron Nola,strikeouts
139,-0.074085665954828,F,116,6.5,False,4.0,6.245049024320361,5.97,over,FanDuel NJ,Phillies,Aaron Nola,strikeouts
144,-0.00426191239275,D+,-160,6.5,True,4.0,5.735147072961083,5.97,under,PointsBet NJ,Phillies,Aaron Nola,strikeouts
145,-0.065668157537319,F,120,6.5,False,5.0,5.990098048640722,5.97,over,PointsBet NJ,Phillies,Aaron Nola,strikeouts
146,0.055567147436309,C+,-125,6.5,True,5.0,5.990098048640722,5.97,under,bet365 NJ,Phillies,Aaron Nola,strikeouts
147,-0.123317824943085,F,-105,6.5,False,2.0,6.754950975679639,5.97,over,bet365 NJ,Phillies,Aaron Nola,strikeouts
181,-0.015861811962677,D+,115,3.5,True,4.0,3.687082869338697,3.92,under,Best Odds,Mets,Adrian Houser,strikeouts
180,-0.057097604361992,F,-155,3.5,False,4.0,4.061248608016091,3.92,over,Best Odds,Mets,Adrian Houser,strikeouts
188,-0.015861811962677,D+,115,3.5,True,4.0,3.687082869338697,3.92,under,BetMGM NJ,Mets,Adrian Houser,strikeouts
189,-0.057097604361992,F,-155,3.5,False,4.0,4.061248608016091,3.92,over,BetMGM NJ,Mets,Adrian Houser,strikeouts
186,-0.030780789602447,D,120,3.5,True,4.0,3.874165738677394,4.05,under,BetRivers NJ,Mets,Adrian Houser,strikeouts
187,-0.037664278842621,D,-159,3.5,False,5.0,4.061248608016091,4.05,over,BetRivers NJ,Mets,Adrian Houser,strikeouts
194,-0.036031326611222,D,-142,3.5,True,4.0,4.061248608016091,3.92,over,Caesars NJ,Mets,Adrian Houser,strikeouts
195,-0.040941611324282,D,104,3.5,False,4.0,3.687082869338697,3.92,under,Caesars NJ,Mets,Adrian Houser,strikeouts
182,0.014471858411438,C-,130,3.5,True,5.0,3.874165738677394,3.92,under,DK NJ,Mets,Adrian Houser,strikeouts
183,-0.071895976541052,F,-165,3.5,False,3.0,4.248331477354788,3.92,over,DK NJ,Mets,Adrian Houser,strikeouts
184,-0.022663906485564,D+,124,3.5,True,4.0,3.874165738677394,4.05,under,FanDuel NJ,Mets,Adrian Houser,strikeouts
185,-0.036167765718201,D,-158,3.5,False,5.0,4.061248608016091,4.05,over,FanDuel NJ,Mets,Adrian Houser,strikeouts
191,-0.023764664943007,D+,-150,3.5,True,5.0,4.061248608016091,4.05,over,PointsBet NJ,Mets,Adrian Houser,strikeouts
190,-0.04135161412676,D,115,3.5,False,3.0,3.687082869338697,4.05,under,PointsBet NJ,Mets,Adrian Houser,strikeouts
192,-0.011017943752645,D+,130,3.5,True,4.0,3.874165738677394,4.05,under,bet365 NJ,Mets,Adrian Houser,strikeouts
193,-0.039149280327622,D,-160,3.5,False,5.0,4.061248608016091,4.05,over,bet365 NJ,Mets,Adrian Houser,strikeouts
316,0.015415644797795,C-,-118,3.5,True,5.0,3.874165738677394,3.95,over,Best Odds,Rockies,Cal Quantrill,strikeouts
317,-0.075930817698289,F,-108,3.5,False,1.0,3.312917130661303,3.95,under,Best Odds,Rockies,Cal Quantrill,strikeouts
324,-0.008517342836828,D+,-130,3.5,True,5.0,3.874165738677394,3.95,over,BetMGM NJ,Rockies,Cal Quantrill,strikeouts
325,-0.05670004846752,F,100,3.5,False,2.0,3.5,3.95,under,BetMGM NJ,Rockies,Cal Quantrill,strikeouts
323,0.021816327537288,C-,-115,3.5,True,7.0,3.687082869338697,3.95,over,BetRivers NJ,Rockies,Cal Quantrill,strikeouts
322,-0.091583769397752,F,-115,3.5,False,1.0,3.312917130661303,3.95,under,BetRivers NJ,Rockies,Cal Quantrill,strikeouts
331,-0.030597649217386,D,100,3.5,True,3.0,3.5,3.82,under,Caesars NJ,Rockies,Cal Quantrill,strikeouts
330,-0.047461422512572,D,-137,3.5,False,5.0,3.874165738677394,3.82,over,Caesars NJ,Rockies,Cal Quantrill,strikeouts
319,-0.004286071712846,D+,-115,3.5,True,6.0,3.687082869338697,3.82,over,DK NJ,Rockies,Cal Quantrill,strikeouts
318,-0.05440717302691,F,-110,3.5,False,1.0,3.312917130661303,3.82,under,DK NJ,Rockies,Cal Quantrill,strikeouts
321,0.015415644797795,C-,-118,3.5,True,5.0,3.874165738677394,3.95,over,FanDuel NJ,Rockies,Cal Quantrill,strikeouts
320,-0.075930817698289,F,-108,3.5,False,1.0,3.312917130661303,3.95,under,FanDuel NJ,Rockies,Cal Quantrill,strikeouts
327,0.021816327537288,C-,-115,3.5,True,7.0,3.687082869338697,3.95,over,PointsBet NJ,Rockies,Cal Quantrill,strikeouts
326,-0.091583769397752,F,-115,3.5,False,1.0,3.312917130661303,3.95,under,PointsBet NJ,Rockies,Cal Quantrill,strikeouts
329,0.001144492911964,C-,-125,3.5,True,5.0,3.874165738677394,3.95,over,bet365 NJ,Rockies,Cal Quantrill,strikeouts
328,-0.06889517041874,F,-105,3.5,False,1.0,3.312917130661303,3.95,under,bet365 NJ,Rockies,Cal Quantrill,strikeouts
79,0.030358587112148,C,118,4.5,True,6.0,4.924264068711928,4.73,under,Best Odds,Tigers,Casey Mize,strikeouts
78,-0.089074183442423,F,-150,4.5,False,3.0,5.136396103067892,4.73,over,Best Odds,Tigers,Casey Mize,strikeouts
87,0.044629738997979,C,125,4.5,True,6.0,4.924264068711928,4.73,under,BetMGM NJ,Tigers,Casey Mize,strikeouts
86,-0.111715692876385,F,-165,4.5,False,2.0,5.348528137423856,4.73,over,BetMGM NJ,Tigers,Casey Mize,strikeouts
84,0.012883707251947,C-,110,4.5,True,5.0,4.712132034355964,4.73,under,BetRivers NJ,Tigers,Casey Mize,strikeouts
85,-0.08584837699081,F,-148,4.5,False,3.0,5.136396103067892,4.73,over,BetRivers NJ,Tigers,Casey Mize,strikeouts
80,0.024558583965826,C-,125,4.5,True,5.0,4.924264068711928,4.84,under,DK NJ,Tigers,Casey Mize,strikeouts
81,-0.084387643794885,F,-160,4.5,False,4.0,5.136396103067892,4.84,over,DK NJ,Tigers,Casey Mize,strikeouts
82,0.030358587112148,C,118,4.5,True,6.0,4.924264068711928,4.73,under,FanDuel NJ,Tigers,Casey Mize,strikeouts
83,-0.089074183442423,F,-150,4.5,False,3.0,5.136396103067892,4.73,over,FanDuel NJ,Tigers,Casey Mize,strikeouts
88,0.034528728896969,C,120,4.5,True,6.0,4.924264068711928,4.73,under,PointsBet NJ,Tigers,Casey Mize,strikeouts
89,-0.104458798827038,F,-160,4.5,False,3.0,5.136396103067892,4.73,over,PointsBet NJ,Tigers,Casey Mize,strikeouts
90,0.072407516775756,C+,140,4.5,True,7.0,5.136396103067892,4.73,under,bet365 NJ,Tigers,Casey Mize,strikeouts
91,-0.118703813072053,F,-170,4.5,False,2.0,5.348528137423856,4.73,over,bet365 NJ,Tigers,Casey Mize,strikeouts
300,0.0007204553305,C-,-110,4.5,True,4.0,4.287867965644036,4.54,under,Best Odds,Blue Jays,Chris Bassitt,strikeouts
301,-0.089747370444372,F,-130,4.5,False,3.0,4.924264068711928,4.54,over,Best Odds,Blue Jays,Chris Bassitt,strikeouts
308,0.0007204553305,C-,-110,4.5,True,4.0,4.287867965644036,4.54,under,BetMGM NJ,Blue Jays,Chris Bassitt,strikeouts
309,-0.069984524594569,F,-120,4.5,False,3.0,4.924264068711928,4.54,over,BetMGM NJ,Blue Jays,Chris Bassitt,strikeouts
306,0.009966872343908,C-,-106,4.5,True,4.0,4.287867965644036,4.54,under,BetRivers NJ,Blue Jays,Chris Bassitt,strikeouts
307,-0.084001344778791,F,-127,4.5,False,3.0,4.924264068711928,4.54,over,BetRivers NJ,Blue Jays,Chris Bassitt,strikeouts
314,,,-133,4.5,,,,,over,Caesars NJ,Blue Jays,Chris Bassitt,strikeouts
315,,,-103,4.5,,,,,under,Caesars NJ,Blue Jays,Chris Bassitt,strikeouts
302,0.050003439673511,C+,105,4.5,True,6.0,4.712132034355964,4.47,under,DK NJ,Blue Jays,Chris Bassitt,strikeouts
303,-0.103025709026639,F,-130,4.5,False,3.0,4.924264068711928,4.47,over,DK NJ,Blue Jays,Chris Bassitt,strikeouts
304,0.024529979140024,C-,-100,4.5,True,5.0,4.5,4.54,under,FanDuel NJ,Blue Jays,Chris Bassitt,strikeouts
305,-0.085933487911954,F,-128,4.5,False,3.0,4.924264068711928,4.54,over,FanDuel NJ,Blue Jays,Chris Bassitt,strikeouts
310,0.024529979140024,C-,-100,4.5,True,5.0,4.5,4.54,under,PointsBet NJ,Blue Jays,Chris Bassitt,strikeouts
311,-0.089747370444372,F,-130,4.5,False,3.0,4.924264068711928,4.54,over,PointsBet NJ,Blue Jays,Chris Bassitt,strikeouts
312,,,120,4.5,,,,,under,bet365 NJ,Blue Jays,Chris Bassitt,strikeouts
313,,,-150,4.5,,,,,over,bet365 NJ,Blue Jays,Chris Bassitt,strikeouts
255,-0.02471414723104,D+,-128,3.5,True,5.0,3.874165738677394,3.85,over,Best Odds,Orioles,Cole Irvin,strikeouts
254,-0.03668936154089,D,-100,3.5,False,3.0,3.5,3.85,under,Best Odds,Orioles,Cole Irvin,strikeouts
261,0.02454940407398,C-,-135,3.5,True,7.0,3.874165738677394,4.17,over,BetMGM NJ,Orioles,Cole Irvin,strikeouts
260,-0.086822367229143,F,105,3.5,False,2.0,3.687082869338697,4.17,under,BetMGM NJ,Orioles,Cole Irvin,strikeouts
266,0.020958417450405,C-,-137,3.5,True,7.0,3.874165738677394,4.17,over,Caesars NJ,Orioles,Cole Irvin,strikeouts
267,-0.099017489180363,F,100,3.5,False,1.0,3.5,4.17,under,Caesars NJ,Orioles,Cole Irvin,strikeouts
257,-0.008765183913655,D+,-120,3.5,True,5.0,3.874165738677394,3.85,over,DK NJ,Orioles,Cole Irvin,strikeouts
256,-0.04888448349211,D,-105,3.5,False,1.0,3.312917130661303,3.85,under,DK NJ,Orioles,Cole Irvin,strikeouts
259,-0.02471414723104,D+,-128,3.5,True,5.0,3.874165738677394,3.85,over,FanDuel NJ,Orioles,Cole Irvin,strikeouts
258,-0.03668936154089,D,-100,3.5,False,3.0,3.5,3.85,under,FanDuel NJ,Orioles,Cole Irvin,strikeouts
263,-0.018866194014666,D+,-125,3.5,True,5.0,3.874165738677394,3.85,over,PointsBet NJ,Orioles,Cole Irvin,strikeouts
262,-0.04888448349211,D,-105,3.5,False,1.0,3.312917130661303,3.85,under,PointsBet NJ,Orioles,Cole Irvin,strikeouts
264,-0.02449423958967,D+,105,3.5,True,4.0,3.687082869338697,3.85,under,bet365 NJ,Orioles,Cole Irvin,strikeouts
265,-0.037778723565493,D,-135,3.5,False,5.0,3.874165738677394,3.85,over,bet365 NJ,Orioles,Cole Irvin,strikeouts
284,0.000161006250132,C-,135,4.5,True,6.0,4.075735931288072,4.28,over,Best Odds,Brewers,Colin Rea,strikeouts
285,-0.062056557507385,F,-175,4.5,False,1.0,3.651471862576144,4.28,under,Best Odds,Brewers,Colin Rea,strikeouts
293,0.000161006250132,C-,135,4.5,True,6.0,4.075735931288072,4.28,over,BetMGM NJ,Brewers,Colin Rea,strikeouts
292,-0.062056557507385,F,-175,4.5,False,1.0,3.651471862576144,4.28,under,BetMGM NJ,Brewers,Colin Rea,strikeouts
291,0.005524853916858,C-,138,4.5,True,7.0,3.863603896932108,4.28,over,BetRivers NJ,Brewers,Colin Rea,strikeouts
290,-0.076042571493399,F,-186,4.5,False,1.0,3.651471862576144,4.28,under,BetRivers NJ,Brewers,Colin Rea,strikeouts
299,0.030830401817512,C,136,4.5,True,7.0,4.075735931288072,4.43,over,Caesars NJ,Brewers,Colin Rea,strikeouts
298,-0.108538454131159,F,-189,4.5,False,0.0,3.651471862576144,4.43,under,Caesars NJ,Brewers,Colin Rea,strikeouts
287,0.029027300483217,C,135,4.5,True,7.0,4.075735931288072,4.43,over,DK NJ,Brewers,Colin Rea,strikeouts
286,-0.09092285174047,F,-175,4.5,False,0.0,3.651471862576144,4.43,under,DK NJ,Brewers,Colin Rea,strikeouts
289,-0.023618555233632,D+,-180,3.5,True,5.0,4.248331477354788,4.28,over,FanDuel NJ,Brewers,Colin Rea,strikeouts
288,-0.035905254290178,D,140,3.5,False,4.0,4.061248608016091,4.28,under,FanDuel NJ,Brewers,Colin Rea,strikeouts
295,-0.018751523300695,D+,125,4.5,True,6.0,4.075735931288072,4.28,over,PointsBet NJ,Brewers,Colin Rea,strikeouts
294,-0.048334430577711,D,-165,4.5,False,1.0,3.651471862576144,4.28,under,PointsBet NJ,Brewers,Colin Rea,strikeouts
296,-0.009026254477082,D+,-140,4.5,True,3.0,3.863603896932108,4.28,under,bet365 NJ,Brewers,Colin Rea,strikeouts
297,-0.050497555046727,F,110,4.5,False,5.0,4.287867965644036,4.28,over,bet365 NJ,Brewers,Colin Rea,strikeouts
33,0.042177553884574,C,110,5.5,True,7.0,5.265479212008828,5.78,over,Best Odds,Astros,Cristian Javier,strikeouts
32,-0.110204764768928,F,-145,5.5,False,0.0,4.796437636026484,5.78,under,Best Odds,Astros,Cristian Javier,strikeouts
35,0.042177553884574,C,110,5.5,True,7.0,5.265479212008828,5.78,over,BetMGM NJ,Astros,Cristian Javier,strikeouts
34,-0.110204764768928,F,-145,5.5,False,0.0,4.796437636026484,5.78,under,BetMGM NJ,Astros,Cristian Javier,strikeouts
109,0.023113840747299,C-,-165,3.5,True,6.0,4.248331477354788,4.43,over,Best Odds,Braves,Darius Vines,strikeouts
108,-0.080537958876913,F,130,3.5,False,2.0,3.874165738677394,4.43,under,Best Odds,Braves,Darius Vines,strikeouts
115,0.023113840747299,C-,-165,3.5,True,6.0,4.248331477354788,4.43,over,BetMGM NJ,Braves,Darius Vines,strikeouts
114,-0.080537958876913,F,130,3.5,False,2.0,3.874165738677394,4.43,under,BetMGM NJ,Braves,Darius Vines,strikeouts
120,,,-166,3.5,,,,,over,Caesars NJ,Braves,Darius Vines,strikeouts
121,,,120,3.5,,,,,under,Caesars NJ,Braves,Darius Vines,strikeouts
110,0.023113840747299,C-,-165,3.5,True,6.0,4.248331477354788,4.43,over,DK NJ,Braves,Darius Vines,strikeouts
111,-0.080537958876913,F,130,3.5,False,2.0,3.874165738677394,4.43,under,DK NJ,Braves,Darius Vines,strikeouts
113,1.376083138e-05,C-,120,4.5,True,7.0,4.075735931288072,4.43,over,FanDuel NJ,Braves,Darius Vines,strikeouts
112,-0.057733818551437,F,-152,4.5,False,2.0,3.863603896932108,4.43,under,FanDuel NJ,Braves,Darius Vines,strikeouts
117,0.019776606681182,C-,130,4.5,True,7.0,4.075735931288072,4.43,over,PointsBet NJ,Braves,Darius Vines,strikeouts
116,-0.084188845006464,F,-170,4.5,False,0.0,3.651471862576144,4.43,under,PointsBet NJ,Braves,Darius Vines,strikeouts
119,0.023113840747299,C-,-165,3.5,True,6.0,4.248331477354788,4.43,over,bet365 NJ,Braves,Darius Vines,strikeouts
118,-0.071287265074878,F,135,3.5,False,2.0,3.874165738677394,4.43,under,bet365 NJ,Braves,Darius Vines,strikeouts
51,0.030411901596764,C,120,5.5,True,6.0,5.969041575982344,5.76,under,Best Odds,Marlins,Edward Cabrera,strikeouts
50,-0.091256568740643,F,-154,5.5,False,3.0,6.203562363973516,5.76,over,Best Odds,Marlins,Edward Cabrera,strikeouts
54,0.036947122223455,C,-155,6.5,True,5.0,5.735147072961083,5.76,under,BetMGM NJ,Marlins,Edward Cabrera,strikeouts
55,-0.109906538548124,F,115,6.5,False,3.0,6.245049024320361,5.76,over,BetMGM NJ,Marlins,Edward Cabrera,strikeouts
58,0.118723908767457,B,-111,6.5,True,7.0,6.245049024320361,5.76,under,Caesars NJ,Marlins,Edward Cabrera,strikeouts
59,-0.196359766204814,F,-123,6.5,False,1.0,7.009901951359278,5.76,over,Caesars NJ,Marlins,Edward Cabrera,strikeouts
52,0.030411901596764,C,120,5.5,True,6.0,5.969041575982344,5.76,under,FanDuel NJ,Marlins,Edward Cabrera,strikeouts
53,-0.091256568740643,F,-154,5.5,False,3.0,6.203562363973516,5.76,over,FanDuel NJ,Marlins,Edward Cabrera,strikeouts
56,0.044790259478357,C,-150,6.5,True,5.0,5.735147072961083,5.76,under,PointsBet NJ,Marlins,Edward Cabrera,strikeouts
57,-0.109906538548124,F,115,6.5,False,3.0,6.245049024320361,5.76,over,PointsBet NJ,Marlins,Edward Cabrera,strikeouts
74,0.028712827120976,C,-172,3.5,True,6.0,4.248331477354788,4.52,over,Best Odds,Mariners,Emerson Hancock,strikeouts
75,-0.088416195647873,F,134,3.5,False,1.0,3.874165738677394,4.52,under,Best Odds,Mariners,Emerson Hancock,strikeouts
77,0.028712827120976,C,-172,3.5,True,6.0,4.248331477354788,4.52,over,FanDuel NJ,Mariners,Emerson Hancock,strikeouts
76,-0.088416195647873,F,134,3.5,False,1.0,3.874165738677394,4.52,under,FanDuel NJ,Mariners,Emerson Hancock,strikeouts
396,0.100650732949097,B,122,5.5,True,9.0,5.030958424017656,5.98,over,Best Odds,Reds,Frankie Montas,strikeouts
397,-0.160476183399547,F,-156,5.5,False,0.0,4.796437636026484,5.98,under,Best Odds,Reds,Frankie Montas,strikeouts
403,0.063296305350767,C+,105,5.5,True,8.0,5.265479212008828,5.98,over,BetMGM NJ,Reds,Frankie Montas,strikeouts
402,-0.12556926850593,F,-135,5.5,False,1.0,5.030958424017656,5.98,under,BetMGM NJ,Reds,Frankie Montas,strikeouts
408,,,108,5.5,,,,,over,Caesars NJ,Reds,Frankie Montas,strikeouts
409,,,-148,5.5,,,,,under,Caesars NJ,Reds,Frankie Montas,strikeouts
399,0.096555728854093,B-,120,5.5,True,9.0,5.030958424017656,5.98,over,DK NJ,Reds,Frankie Montas,strikeouts
398,-0.158944320654449,F,-155,5.5,False,0.0,4.796437636026484,5.98,under,DK NJ,Reds,Frankie Montas,strikeouts
401,0.104672611970976,B,124,5.5,True,9.0,5.030958424017656,5.98,over,FanDuel NJ,Reds,Frankie Montas,strikeouts
400,-0.163504284174741,F,-158,5.5,False,0.0,4.796437636026484,5.98,under,FanDuel NJ,Reds,Frankie Montas,strikeouts
405,0.063296305350767,C+,105,5.5,True,8.0,5.265479212008828,5.98,over,PointsBet NJ,Reds,Frankie Montas,strikeouts
404,-0.13443451673288,F,-140,5.5,False,0.0,4.796437636026484,5.98,under,PointsBet NJ,Reds,Frankie Montas,strikeouts
407,0.051101183399547,C+,100,5.5,True,7.0,5.5,5.98,over,bet365 NJ,Reds,Frankie Montas,strikeouts
406,-0.116318574703895,F,-130,5.5,False,1.0,5.030958424017656,5.98,under,bet365 NJ,Reds,Frankie Montas,strikeouts
61,0.031080753418362,C,-120,5.5,True,5.0,5.969041575982344,6.14,over,Best Odds,Mariners,George Kirby,strikeouts
60,-0.091098405669023,F,-106,5.5,False,1.0,5.265479212008828,6.14,under,Best Odds,Mariners,George Kirby,strikeouts
67,0.052725775063383,C+,-110,5.5,True,7.0,5.734520787991172,6.14,over,BetMGM NJ,Mariners,George Kirby,strikeouts
66,-0.121989844327452,F,-120,5.5,False,0.0,5.030958424017656,6.14,under,BetMGM NJ,Mariners,George Kirby,strikeouts
73,0.041651577942675,C,-115,5.5,True,7.0,5.734520787991172,6.14,over,Caesars NJ,Mariners,George Kirby,strikeouts
72,-0.119914294306697,F,-119,5.5,False,0.0,5.030958424017656,6.14,under,Caesars NJ,Mariners,George Kirby,strikeouts
62,0.031080753418362,C,-120,5.5,True,5.0,5.969041575982344,6.14,over,DK NJ,Mariners,George Kirby,strikeouts
63,-0.088730420824127,F,-105,5.5,False,1.0,5.265479212008828,6.14,under,DK NJ,Mariners,George Kirby,strikeouts
65,0.031080753418362,C,-120,5.5,True,5.0,5.969041575982344,6.14,over,FanDuel NJ,Mariners,George Kirby,strikeouts
64,-0.091098405669023,F,-106,5.5,False,1.0,5.265479212008828,6.14,under,FanDuel NJ,Mariners,George Kirby,strikeouts
69,0.031080753418362,C,-120,5.5,True,5.0,5.969041575982344,6.14,over,PointsBet NJ,Mariners,George Kirby,strikeouts
68,-0.100344822682431,F,-110,5.5,False,1.0,5.265479212008828,6.14,under,PointsBet NJ,Mariners,George Kirby,strikeouts
71,0.064823464522244,C+,-115,5.5,True,7.0,5.734520787991172,6.29,over,bet365 NJ,Mariners,George Kirby,strikeouts
70,-0.134590906382708,F,-115,5.5,False,1.0,5.265479212008828,6.29,under,bet365 NJ,Mariners,George Kirby,strikeouts
36,-0.015690734914109,D+,-108,4.5,True,5.0,4.712132034355964,4.69,over,Best Odds,Astros,Hunter Brown,strikeouts
37,-0.042710541229102,D,-117,4.5,False,3.0,4.287867965644036,4.69,under,Best Odds,Astros,Hunter Brown,strikeouts
42,-0.027349558126184,D,-110,4.5,True,3.0,4.287867965644036,4.69,under,BetMGM NJ,Astros,Hunter Brown,strikeouts
43,-0.041914511137885,D,-120,4.5,False,4.0,4.924264068711928,4.69,over,BetMGM NJ,Astros,Hunter Brown,strikeouts
49,-0.034056466241543,D,-113,4.5,True,3.0,4.287867965644036,4.69,under,Caesars NJ,Astros,Hunter Brown,strikeouts
48,-0.043971277900535,D,-121,4.5,False,4.0,4.924264068711928,4.69,over,Caesars NJ,Astros,Hunter Brown,strikeouts
39,-0.00865508763456,D+,-105,4.5,True,5.0,4.712132034355964,4.69,over,DK NJ,Astros,Hunter Brown,strikeouts
38,-0.048994579771205,D,-120,4.5,False,1.0,4.075735931288072,4.69,under,DK NJ,Astros,Hunter Brown,strikeouts
41,-0.02252631639424,D+,-111,4.5,True,5.0,4.712132034355964,4.69,over,FanDuel NJ,Astros,Hunter Brown,strikeouts
40,-0.038423755246892,D,-115,4.5,False,3.0,4.287867965644036,4.69,under,FanDuel NJ,Astros,Hunter Brown,strikeouts
45,-0.020269489492864,D+,-110,4.5,True,5.0,4.712132034355964,4.69,over,PointsBet NJ,Astros,Hunter Brown,strikeouts
44,-0.048994579771205,D,-120,4.5,False,1.0,4.075735931288072,4.69,under,PointsBet NJ,Astros,Hunter Brown,strikeouts
47,-0.031343686613572,D,-115,4.5,True,5.0,4.712132034355964,4.69,over,bet365 NJ,Astros,Hunter Brown,strikeouts
46,-0.038423755246892,D,-115,4.5,False,3.0,4.287867965644036,4.69,under,bet365 NJ,Astros,Hunter Brown,strikeouts
213,-0.005530798369952,D+,106,4.5,True,5.0,4.712132034355964,4.78,under,Best Odds,Padres,Joe Musgrove,strikeouts
212,-0.052555667483505,F,-134,4.5,False,5.0,4.924264068711928,4.78,over,Best Odds,Padres,Joe Musgrove,strikeouts
219,0.003713301708316,C-,-145,4.5,True,5.0,5.136396103067892,5.21,over,BetMGM NJ,Padres,Joe Musgrove,strikeouts
218,-0.07174051259267,F,110,4.5,False,3.0,4.712132034355964,5.21,under,BetMGM NJ,Padres,Joe Musgrove,strikeouts
225,0.003713301708316,C-,-145,4.5,True,5.0,5.136396103067892,5.21,over,Caesars NJ,Padres,Joe Musgrove,strikeouts
224,-0.080986929606078,F,106,4.5,False,3.0,4.712132034355964,5.21,under,Caesars NJ,Padres,Joe Musgrove,strikeouts
214,-0.020093905166068,D+,100,4.5,True,4.0,4.5,4.78,under,DK NJ,Padres,Joe Musgrove,strikeouts
215,-0.04512348613828,D,-130,4.5,False,5.0,4.924264068711928,4.78,over,DK NJ,Padres,Joe Musgrove,strikeouts
216,-0.005530798369952,D+,106,4.5,True,5.0,4.712132034355964,4.78,under,FanDuel NJ,Padres,Joe Musgrove,strikeouts
217,-0.052555667483505,F,-134,4.5,False,5.0,4.924264068711928,4.78,over,FanDuel NJ,Padres,Joe Musgrove,strikeouts
220,-0.020093905166068,D+,-100,4.5,True,4.0,4.5,4.78,under,PointsBet NJ,Padres,Joe Musgrove,strikeouts
221,-0.04512348613828,D,-130,4.5,False,5.0,4.924264068711928,4.78,over,PointsBet NJ,Padres,Joe Musgrove,strikeouts
222,0.003715618643456,C-,110,4.5,True,5.0,4.712132034355964,4.78,under,bet365 NJ,Padres,Joe Musgrove,strikeouts
223,-0.063239428167265,F,-140,4.5,False,4.0,5.136396103067892,4.78,over,bet365 NJ,Padres,Joe Musgrove,strikeouts
422,0.133779387367954,B+,115,4.5,True,10.0,4.287867965644036,5.23,over,Best Odds,Giants,Jordan Hicks,strikeouts
423,-0.182228999771054,F,-140,4.5,False,0.0,3.863603896932108,5.23,under,Best Odds,Giants,Jordan Hicks,strikeouts
430,0.144350211892267,B+,120,4.5,True,10.0,4.075735931288072,5.23,over,BetMGM NJ,Giants,Jordan Hicks,strikeouts
431,-0.214280281822336,F,-160,4.5,False,0.0,3.863603896932108,5.23,under,BetMGM NJ,Giants,Jordan Hicks,strikeouts
428,0.122705190247245,B,110,4.5,True,10.0,4.287867965644036,5.23,over,BetRivers NJ,Giants,Jordan Hicks,strikeouts
429,-0.195669859986108,F,-148,4.5,False,0.0,3.863603896932108,5.23,under,BetRivers NJ,Giants,Jordan Hicks,strikeouts
437,0.13850921018071,B+,118,4.5,True,10.0,4.075735931288072,5.22,over,Caesars NJ,Giants,Jordan Hicks,strikeouts
436,-0.216996669628856,F,-163,4.5,False,0.0,3.651471862576144,5.22,under,Caesars NJ,Giants,Jordan Hicks,strikeouts
425,0.133779387367954,B+,115,4.5,True,10.0,4.287867965644036,5.23,over,DK NJ,Giants,Jordan Hicks,strikeouts
424,-0.182228999771054,F,-140,4.5,False,0.0,3.863603896932108,5.23,under,DK NJ,Giants,Jordan Hicks,strikeouts
427,0.108699588006349,B,104,4.5,True,10.0,4.287867965644036,5.23,over,FanDuel NJ,Giants,Jordan Hicks,strikeouts
426,-0.1678611836791,F,-132,4.5,False,0.0,4.075735931288072,5.23,under,FanDuel NJ,Giants,Jordan Hicks,strikeouts
433,0.133779387367954,B+,115,4.5,True,10.0,4.287867965644036,5.23,over,PointsBet NJ,Giants,Jordan Hicks,strikeouts
432,-0.198895666437721,F,-150,4.5,False,0.0,3.863603896932108,5.23,under,PointsBet NJ,Giants,Jordan Hicks,strikeouts
435,0.098895666437721,B-,100,4.5,True,9.0,4.5,5.23,over,bet365 NJ,Giants,Jordan Hicks,strikeouts
434,-0.164113057742069,F,-130,4.5,False,0.0,4.075735931288072,5.23,under,bet365 NJ,Giants,Jordan Hicks,strikeouts
151,0.009103781070292,C-,-109,5.5,True,4.0,5.265479212008828,5.49,under,Best Odds,Angels,Jose Soriano,strikeouts
150,-0.074013876982551,F,-119,5.5,False,3.0,5.969041575982344,5.49,over,Best Odds,Angels,Jose Soriano,strikeouts
158,0.030634881548761,C,100,5.5,True,5.0,5.5,5.49,under,BetMGM NJ,Angels,Jose Soriano,strikeouts
159,-0.095852272853109,F,-130,5.5,False,3.0,5.969041575982344,5.49,over,BetMGM NJ,Angels,Jose Soriano,strikeouts
156,-0.004248839381471,D+,-115,5.5,True,4.0,5.265479212008828,5.49,under,BetRivers NJ,Angels,Jose Soriano,strikeouts
157,-0.065518602478993,F,-115,5.5,False,4.0,5.734520787991172,5.49,over,BetRivers NJ,Angels,Jose Soriano,strikeouts
162,0.004568530837861,C-,-111,5.5,True,4.0,5.265479212008828,5.49,under,Caesars NJ,Angels,Jose Soriano,strikeouts
163,-0.082204388275218,F,-123,5.5,False,3.0,5.969041575982344,5.49,over,Caesars NJ,Angels,Jose Soriano,strikeouts
152,0.018439759597541,C-,-105,5.5,True,4.0,5.265479212008828,5.49,under,DK NJ,Angels,Jose Soriano,strikeouts
153,-0.086190437104317,F,-125,5.5,False,3.0,5.969041575982344,5.49,over,DK NJ,Angels,Jose Soriano,strikeouts
154,0.000118449623878,C-,-113,5.5,True,4.0,5.265479212008828,5.49,under,FanDuel NJ,Angels,Jose Soriano,strikeouts
155,-0.061151313473644,F,-113,5.5,False,4.0,5.734520787991172,5.49,over,FanDuel NJ,Angels,Jose Soriano,strikeouts
160,0.018439759597541,C-,-105,5.5,True,4.0,5.265479212008828,5.49,under,PointsBet NJ,Angels,Jose Soriano,strikeouts
161,-0.086190437104317,F,-125,5.5,False,3.0,5.969041575982344,5.49,over,PointsBet NJ,Angels,Jose Soriano,strikeouts
352,0.049404984997064,C,108,3.5,True,6.0,3.687082869338697,3.53,under,Best Odds,Cubs,Kyle Hendricks,strikeouts
353,-0.110006148539404,F,-138,3.5,False,2.0,4.061248608016091,3.53,over,Best Odds,Cubs,Kyle Hendricks,strikeouts
361,0.053983739575819,C+,110,3.5,True,6.0,3.687082869338697,3.53,under,BetMGM NJ,Cubs,Kyle Hendricks,strikeouts
360,-0.122010950460173,F,-145,3.5,False,2.0,4.061248608016091,3.53,over,BetMGM NJ,Cubs,Kyle Hendricks,strikeouts
359,0.0351247108158,C,102,3.5,True,6.0,3.687082869338697,3.53,under,BetRivers NJ,Cubs,Kyle Hendricks,strikeouts
358,-0.106445402206973,F,-136,3.5,False,3.0,3.874165738677394,3.53,over,BetRivers NJ,Cubs,Kyle Hendricks,strikeouts
366,0.053983739575819,C+,110,3.5,True,6.0,3.687082869338697,3.53,under,Caesars NJ,Cubs,Kyle Hendricks,strikeouts
367,-0.131767841264303,F,-151,3.5,False,2.0,4.061248608016091,3.53,over,Caesars NJ,Cubs,Kyle Hendricks,strikeouts
354,0.065057936696528,C+,115,3.5,True,6.0,3.687082869338697,3.53,under,DK NJ,Cubs,Kyle Hendricks,strikeouts
355,-0.122010950460173,F,-145,3.5,False,2.0,4.061248608016091,3.53,over,DK NJ,Cubs,Kyle Hendricks,strikeouts
356,0.049404984997064,C,108,3.5,True,6.0,3.687082869338697,3.53,under,FanDuel NJ,Cubs,Kyle Hendricks,strikeouts
357,-0.110006148539404,F,-138,3.5,False,2.0,4.061248608016091,3.53,over,FanDuel NJ,Cubs,Kyle Hendricks,strikeouts
362,0.053983739575819,C+,110,3.5,True,6.0,3.687082869338697,3.53,under,PointsBet NJ,Cubs,Kyle Hendricks,strikeouts
363,-0.122010950460173,F,-145,3.5,False,2.0,4.061248608016091,3.53,over,PointsBet NJ,Cubs,Kyle Hendricks,strikeouts
364,0.065057936696528,C+,115,3.5,True,6.0,3.687082869338697,3.53,under,bet365 NJ,Cubs,Kyle Hendricks,strikeouts
365,-0.122010950460173,F,-145,3.5,False,2.0,4.061248608016091,3.53,over,bet365 NJ,Cubs,Kyle Hendricks,strikeouts
368,0.084903402674205,B-,-134,6.5,True,6.0,5.990098048640722,5.68,under,Best Odds,Twins,Louie Varland,strikeouts
369,-0.142989868527662,F,106,6.5,False,3.0,6.245049024320361,5.68,over,Best Odds,Twins,Louie Varland,strikeouts
374,,,-155,6.5,,,,,under,BetMGM NJ,Twins,Louie Varland,strikeouts
375,,,120,6.5,,,,,over,BetMGM NJ,Twins,Louie Varland,strikeouts
380,0.126289756103183,B+,-139,6.5,True,6.0,5.735147072961083,5.36,under,Caesars NJ,Twins,Louie Varland,strikeouts
381,-0.202929219212674,F,102,6.5,False,2.0,6.245049024320361,5.36,over,Caesars NJ,Twins,Louie Varland,strikeouts
370,0.0657162406299,C+,-145,6.5,True,5.0,5.735147072961083,5.68,under,DK NJ,Twins,Louie Varland,strikeouts
371,-0.122669254393545,F,115,6.5,False,3.0,6.245049024320361,5.68,over,DK NJ,Twins,Louie Varland,strikeouts
372,0.084903402674205,B-,-134,6.5,True,6.0,5.990098048640722,5.68,under,FanDuel NJ,Twins,Louie Varland,strikeouts
373,-0.142989868527662,F,106,6.5,False,3.0,6.245049024320361,5.68,over,FanDuel NJ,Twins,Louie Varland,strikeouts
376,0.057552975323778,C+,-150,6.5,True,5.0,5.735147072961083,5.68,under,PointsBet NJ,Twins,Louie Varland,strikeouts
377,-0.122669254393545,F,115,6.5,False,3.0,6.245049024320361,5.68,over,PointsBet NJ,Twins,Louie Varland,strikeouts
378,0.09233558401943,B-,-130,6.5,True,6.0,5.990098048640722,5.68,under,bet365 NJ,Twins,Louie Varland,strikeouts
379,-0.157552975323778,F,100,6.5,False,2.0,6.5,5.68,over,bet365 NJ,Twins,Louie Varland,strikeouts
227,-0.010469210398452,D+,120,5.5,True,5.0,5.969041575982344,6.01,under,Best Odds,Yankees,Luis Gil,strikeouts
226,-0.047250847321605,D,-152,5.5,False,4.0,6.203562363973516,6.01,over,Best Odds,Yankees,Luis Gil,strikeouts
232,-0.010469210398452,D+,120,5.5,True,5.0,5.969041575982344,6.01,under,BetMGM NJ,Yankees,Luis Gil,strikeouts
233,-0.051919381401904,F,-155,5.5,False,4.0,6.203562363973516,6.01,over,BetMGM NJ,Yankees,Luis Gil,strikeouts
239,-0.026768155873808,D,-169,6.5,True,3.0,5.480196097281444,6.03,under,Caesars NJ,Yankees,Luis Gil,strikeouts
238,-0.049915125503824,D,123,6.5,False,5.0,5.990098048640722,6.03,over,Caesars NJ,Yankees,Luis Gil,strikeouts
228,-0.010469210398452,D+,120,5.5,True,5.0,5.969041575982344,6.01,under,DK NJ,Yankees,Luis Gil,strikeouts
229,-0.051919381401904,F,-155,5.5,False,4.0,6.203562363973516,6.01,over,DK NJ,Yankees,Luis Gil,strikeouts
231,-0.010469210398452,D+,120,5.5,True,5.0,5.969041575982344,6.01,under,FanDuel NJ,Yankees,Luis Gil,strikeouts
230,-0.047250847321605,D,-152,5.5,False,4.0,6.203562363973516,6.01,over,FanDuel NJ,Yankees,Luis Gil,strikeouts
234,-0.010469210398452,D+,120,5.5,True,5.0,5.969041575982344,6.01,under,PointsBet NJ,Yankees,Luis Gil,strikeouts
235,-0.059460859531617,F,-160,5.5,False,4.0,6.203562363973516,6.01,over,PointsBet NJ,Yankees,Luis Gil,strikeouts
236,0.018151298896948,C-,-140,6.5,True,4.0,5.735147072961083,6.03,under,bet365 NJ,Yankees,Luis Gil,strikeouts
237,-0.077675108420757,F,110,6.5,False,4.0,6.245049024320361,6.03,over,bet365 NJ,Yankees,Luis Gil,strikeouts
382,0.087552779629243,B-,-118,4.5,True,5.0,4.075735931288072,4.0,under,Best Odds,Pirates,Martin Perez,strikeouts
383,-0.148067952529737,F,-108,4.5,False,1.0,4.712132034355964,4.0,over,Best Odds,Pirates,Martin Perez,strikeouts
388,0.105027659489444,B,-110,4.5,True,6.0,4.287867965644036,4.0,under,BetRivers NJ,Pirates,Martin Perez,strikeouts
389,-0.176348495516163,F,-121,4.5,False,1.0,4.924264068711928,4.0,over,BetRivers NJ,Pirates,Martin Perez,strikeouts
395,0.061737616199401,C+,-131,4.5,True,5.0,4.075735931288072,4.0,under,Caesars NJ,Pirates,Martin Perez,strikeouts
394,-0.138641104867595,F,-104,4.5,False,1.0,4.712132034355964,4.0,over,Caesars NJ,Pirates,Martin Perez,strikeouts
384,0.093953462368736,B-,-115,4.5,True,6.0,4.287867965644036,4.0,under,DK NJ,Pirates,Martin Perez,strikeouts
385,-0.152646707108492,F,-110,4.5,False,1.0,4.712132034355964,4.0,over,DK NJ,Pirates,Martin Perez,strikeouts
386,0.087552779629243,B-,-118,4.5,True,5.0,4.075735931288072,4.0,under,FanDuel NJ,Pirates,Martin Perez,strikeouts
387,-0.148067952529737,F,-108,4.5,False,1.0,4.712132034355964,4.0,over,FanDuel NJ,Pirates,Martin Perez,strikeouts
390,0.105027659489444,B,-110,4.5,True,6.0,4.287867965644036,4.0,under,PointsBet NJ,Pirates,Martin Perez,strikeouts
391,-0.174291728753513,F,-120,4.5,False,1.0,4.924264068711928,4.0,over,PointsBet NJ,Pirates,Martin Perez,strikeouts
392,0.093953462368736,B-,-115,4.5,True,6.0,4.287867965644036,4.0,under,bet365 NJ,Pirates,Martin Perez,strikeouts
393,-0.1637209042292,F,-115,4.5,False,1.0,4.712132034355964,4.0,over,bet365 NJ,Pirates,Martin Perez,strikeouts
10,0.03020371457101,C,-160,4.5,True,7.0,5.136396103067892,5.52,over,Best Odds,Diamondbacks,Merrill Kelly,strikeouts
11,-0.090032774400069,F,125,4.5,False,2.0,4.924264068711928,5.52,under,Best Odds,Diamondbacks,Merrill Kelly,strikeouts
15,0.03020371457101,C,-160,4.5,True,7.0,5.136396103067892,5.52,over,BetMGM NJ,Diamondbacks,Merrill Kelly,strikeouts
14,-0.090032774400069,F,125,4.5,False,2.0,4.924264068711928,5.52,under,BetMGM NJ,Diamondbacks,Merrill Kelly,strikeouts
13,0.03020371457101,C,-160,4.5,True,7.0,5.136396103067892,5.52,over,DK NJ,Diamondbacks,Merrill Kelly,strikeouts
12,-0.090032774400069,F,125,4.5,False,2.0,4.924264068711928,5.52,under,DK NJ,Diamondbacks,Merrill Kelly,strikeouts
17,-0.013159020632991,D+,-160,4.5,True,5.0,5.136396103067892,5.25,over,PointsBet NJ,Diamondbacks,Merrill Kelly,strikeouts
16,-0.056771049297078,F,120,4.5,False,4.0,4.924264068711928,5.25,under,PointsBet NJ,Diamondbacks,Merrill Kelly,strikeouts
197,-0.003119852117662,D+,125,3.5,True,5.0,3.874165738677394,3.96,under,Best Odds,Rangers,Michael Lorenzen,strikeouts
196,-0.056709207711397,F,-160,3.5,False,5.0,4.061248608016091,3.96,over,Best Odds,Rangers,Michael Lorenzen,strikeouts
205,-0.003119852117662,D+,125,3.5,True,5.0,3.874165738677394,3.96,under,BetMGM NJ,Rangers,Michael Lorenzen,strikeouts
204,-0.056709207711397,F,-160,3.5,False,5.0,4.061248608016091,3.96,over,BetMGM NJ,Rangers,Michael Lorenzen,strikeouts
202,-0.007105900946761,D+,123,3.5,True,5.0,3.874165738677394,3.96,under,BetRivers NJ,Rangers,Michael Lorenzen,strikeouts
203,-0.063966101760744,F,-165,3.5,False,4.0,4.248331477354788,3.96,over,BetRivers NJ,Rangers,Michael Lorenzen,strikeouts
210,,,-169,3.5,,,,,over,Caesars NJ,Rangers,Michael Lorenzen,strikeouts
211,,,123,3.5,,,,,under,Caesars NJ,Rangers,Michael Lorenzen,strikeouts
198,0.057285827706181,C+,130,3.5,True,6.0,3.874165738677394,3.71,under,DK NJ,Rangers,Michael Lorenzen,strikeouts
199,-0.114709945835795,F,-165,3.5,False,2.0,4.248331477354788,3.71,over,DK NJ,Rangers,Michael Lorenzen,strikeouts
200,-0.025965127299386,D,114,3.5,True,3.0,3.687082869338697,3.96,under,FanDuel NJ,Rangers,Michael Lorenzen,strikeouts
201,-0.034820527286132,D,-146,3.5,False,5.0,4.061248608016091,3.96,over,FanDuel NJ,Rangers,Michael Lorenzen,strikeouts
206,0.014010565864275,C-,-165,4.5,True,3.0,3.651471862576144,3.96,under,PointsBet NJ,Rangers,Michael Lorenzen,strikeouts
207,-0.081096519742681,F,125,4.5,False,5.0,4.075735931288072,3.96,over,PointsBet NJ,Rangers,Michael Lorenzen,strikeouts
208,0.00654198363113,C-,130,3.5,True,5.0,3.874165738677394,3.96,under,bet365 NJ,Rangers,Michael Lorenzen,strikeouts
209,-0.056709207711397,F,-160,3.5,False,5.0,4.061248608016091,3.96,over,bet365 NJ,Rangers,Michael Lorenzen,strikeouts
93,0.02768665357724,C,-101,3.5,True,4.0,3.312917130661303,3.53,under,Best Odds,Nationals,Mitchell Parker,strikeouts
92,-0.083745644337724,F,-124,3.5,False,3.0,3.874165738677394,3.53,over,Best Odds,Nationals,Mitchell Parker,strikeouts
100,0.017979093815075,C-,-105,3.5,True,4.0,3.312917130661303,3.53,under,BetMGM NJ,Nationals,Mitchell Parker,strikeouts
101,-0.085729771321851,F,-125,3.5,False,3.0,3.874165738677394,3.53,over,BetMGM NJ,Nationals,Mitchell Parker,strikeouts
98,0.010943446535526,C-,-108,3.5,True,4.0,3.312917130661303,3.53,under,BetRivers NJ,Nationals,Mitchell Parker,strikeouts
99,-0.079723765315845,F,-122,3.5,False,3.0,3.874165738677394,3.53,over,BetRivers NJ,Nationals,Mitchell Parker,strikeouts
107,0.022785053204719,C-,-103,3.5,True,4.0,3.312917130661303,3.53,under,Caesars NJ,Nationals,Mitchell Parker,strikeouts
106,-0.100989666410072,F,-133,3.5,False,3.0,3.874165738677394,3.53,over,Caesars NJ,Nationals,Mitchell Parker,strikeouts
94,0.042369337717515,C,105,3.5,True,6.0,3.687082869338697,3.53,under,DK NJ,Nationals,Mitchell Parker,strikeouts
95,-0.095391607070643,F,-130,3.5,False,3.0,3.874165738677394,3.53,over,DK NJ,Nationals,Mitchell Parker,strikeouts
96,0.010943446535526,C-,-108,3.5,True,4.0,3.312917130661303,3.53,under,FanDuel NJ,Nationals,Mitchell Parker,strikeouts
97,-0.07145861943602,F,-118,3.5,False,3.0,3.874165738677394,3.53,over,FanDuel NJ,Nationals,Mitchell Parker,strikeouts
102,0.042369337717515,C,105,3.5,True,6.0,3.687082869338697,3.53,under,PointsBet NJ,Nationals,Mitchell Parker,strikeouts
103,-0.113507549099628,F,-140,3.5,False,2.0,4.061248608016091,3.53,over,PointsBet NJ,Nationals,Mitchell Parker,strikeouts
104,0.065057936696528,C+,115,3.5,True,6.0,3.687082869338697,3.53,under,bet365 NJ,Nationals,Mitchell Parker,strikeouts
105,-0.122010950460173,F,-145,3.5,False,2.0,4.061248608016091,3.53,over,bet365 NJ,Nationals,Mitchell Parker,strikeouts
410,0.129453766394408,B+,120,4.5,True,8.0,4.924264068711928,4.23,under,Best Odds,White Sox,Nick Nastrini,strikeouts
411,-0.190298433538287,F,-154,4.5,False,1.0,5.136396103067892,4.23,over,Best Odds,White Sox,Nick Nastrini,strikeouts
416,0.139554776495418,B+,125,4.5,True,8.0,4.924264068711928,4.23,under,BetMGM NJ,White Sox,Nick Nastrini,strikeouts
417,-0.199383836324477,F,-160,4.5,False,1.0,5.136396103067892,4.23,over,BetMGM NJ,White Sox,Nick Nastrini,strikeouts
420,0.125283624609587,B+,118,4.5,True,8.0,4.924264068711928,4.23,under,Caesars NJ,White Sox,Nick Nastrini,strikeouts
421,-0.203771084057733,F,-163,4.5,False,0.0,5.348528137423856,4.23,over,Caesars NJ,White Sox,Nick Nastrini,strikeouts
412,0.139554776495418,B+,125,4.5,True,8.0,4.924264068711928,4.23,under,DK NJ,White Sox,Nick Nastrini,strikeouts
413,-0.199383836324477,F,-160,4.5,False,1.0,5.136396103067892,4.23,over,DK NJ,White Sox,Nick Nastrini,strikeouts
414,0.129453766394408,B+,120,4.5,True,8.0,4.924264068711928,4.23,under,FanDuel NJ,White Sox,Nick Nastrini,strikeouts
415,-0.190298433538287,F,-154,4.5,False,1.0,5.136396103067892,4.23,over,FanDuel NJ,White Sox,Nick Nastrini,strikeouts
418,0.14921661224421,B+,130,4.5,True,8.0,4.924264068711928,4.23,under,bet365 NJ,White Sox,Nick Nastrini,strikeouts
419,-0.199383836324477,F,-160,4.5,False,1.0,5.136396103067892,4.23,over,bet365 NJ,White Sox,Nick Nastrini,strikeouts
332,0.06681126405096,C+,-128,3.5,True,8.0,3.874165738677394,4.33,over,Best Odds,Rockies,Peter Lambert,strikeouts
333,-0.12821477282289,F,-100,3.5,False,0.0,3.5,4.33,under,Best Odds,Rockies,Peter Lambert,strikeouts
335,0.06681126405096,C+,-128,3.5,True,8.0,3.874165738677394,4.33,over,FanDuel NJ,Rockies,Peter Lambert,strikeouts
334,-0.12821477282289,F,-100,3.5,False,0.0,3.5,4.33,under,FanDuel NJ,Rockies,Peter Lambert,strikeouts
241,-0.02043751462401,D+,105,3.5,True,4.0,3.687082869338697,3.83,under,Best Odds,Athletics,Ross Stripling,strikeouts
240,-0.040016936074343,D,-134,3.5,False,5.0,3.874165738677394,3.83,over,Best Odds,Athletics,Ross Stripling,strikeouts
246,0.064006185275623,C+,105,3.5,True,6.0,3.687082869338697,3.43,under,BetMGM NJ,Athletics,Ross Stripling,strikeouts
247,-0.135144396657736,F,-140,3.5,False,1.0,4.061248608016091,3.43,over,BetMGM NJ,Athletics,Ross Stripling,strikeouts
252,0.061614984893031,C+,104,3.5,True,6.0,3.687082869338697,3.43,under,Caesars NJ,Athletics,Ross Stripling,strikeouts
253,-0.138587922828535,F,-142,3.5,False,1.0,4.061248608016091,3.43,over,Caesars NJ,Athletics,Ross Stripling,strikeouts
242,0.075620587133927,B-,110,3.5,True,6.0,3.687082869338697,3.43,under,DK NJ,Athletics,Ross Stripling,strikeouts
243,-0.135144396657736,F,-140,3.5,False,1.0,4.061248608016091,3.43,over,DK NJ,Athletics,Ross Stripling,strikeouts
245,-0.0287708721967,D,-128,3.5,True,5.0,3.874165738677394,3.83,over,FanDuel NJ,Athletics,Ross Stripling,strikeouts
244,-0.03263263657523,D,-100,3.5,False,3.0,3.5,3.83,under,FanDuel NJ,Athletics,Ross Stripling,strikeouts
248,-0.02043751462401,D+,105,3.5,True,4.0,3.687082869338697,3.83,under,PointsBet NJ,Athletics,Ross Stripling,strikeouts
249,-0.050700696758103,F,-140,3.5,False,4.0,4.061248608016091,3.83,over,PointsBet NJ,Athletics,Ross Stripling,strikeouts
250,-0.02043751462401,D+,105,3.5,True,4.0,3.687082869338697,3.83,under,bet365 NJ,Athletics,Ross Stripling,strikeouts
251,-0.041835448531153,D,-135,3.5,False,5.0,3.874165738677394,3.83,over,bet365 NJ,Athletics,Ross Stripling,strikeouts
165,0.008104600662743,C-,-112,4.5,True,6.0,4.712132034355964,4.87,over,Best Odds,Royals,Seth Lugo,strikeouts
164,-0.064708374247649,F,-112,4.5,False,2.0,4.287867965644036,4.87,under,Best Odds,Royals,Seth Lugo,strikeouts
173,-0.024211365503976,D+,105,4.5,True,4.0,4.712132034355964,4.87,under,BetMGM NJ,Royals,Seth Lugo,strikeouts
172,-0.046926845878137,D,-140,4.5,False,4.0,5.136396103067892,4.87,over,BetMGM NJ,Royals,Seth Lugo,strikeouts
171,-0.004877916214529,D+,-118,4.5,True,5.0,4.924264068711928,4.87,over,BetRivers NJ,Royals,Seth Lugo,strikeouts
170,-0.066922919380079,F,-113,4.5,False,2.0,4.287867965644036,4.87,under,BetRivers NJ,Royals,Seth Lugo,strikeouts
178,-0.031455992405691,D,102,4.5,True,4.0,4.712132034355964,4.87,under,Caesars NJ,Royals,Seth Lugo,strikeouts
179,-0.0451834707038,D,-139,4.5,False,4.0,5.136396103067892,4.87,over,Caesars NJ,Royals,Seth Lugo,strikeouts
166,-0.024211365503976,D+,105,4.5,True,4.0,4.712132034355964,4.87,under,DK NJ,Royals,Seth Lugo,strikeouts
167,-0.028810903849152,D,-130,4.5,False,5.0,4.924264068711928,4.87,over,DK NJ,Royals,Seth Lugo,strikeouts
169,0.008104600662743,C-,-112,4.5,True,6.0,4.712132034355964,4.87,over,FanDuel NJ,Royals,Seth Lugo,strikeouts
168,-0.064708374247649,F,-112,4.5,False,2.0,4.287867965644036,4.87,under,FanDuel NJ,Royals,Seth Lugo,strikeouts
174,-0.024211365503976,D+,105,4.5,True,4.0,4.712132034355964,4.87,under,PointsBet NJ,Royals,Seth Lugo,strikeouts
175,-0.046926845878137,D,-140,4.5,False,4.0,5.136396103067892,4.87,over,PointsBet NJ,Royals,Seth Lugo,strikeouts
177,-0.028810903849152,D,-130,4.5,True,5.0,4.924264068711928,4.87,over,bet365 NJ,Royals,Seth Lugo,strikeouts
176,-0.036406487455196,D,100,4.5,False,3.0,4.5,4.87,under,bet365 NJ,Royals,Seth Lugo,strikeouts
0,,,-160,2.5,,,,,over,Best Odds,Diamondbacks,Slade Cecconi,strikeouts
1,,,125,2.5,,,,,under,Best Odds,Diamondbacks,Slade Cecconi,strikeouts
4,,,125,2.5,,,,,under,BetMGM NJ,Diamondbacks,Slade Cecconi,strikeouts
5,,,-160,2.5,,,,,over,BetMGM NJ,Diamondbacks,Slade Cecconi,strikeouts
2,,,125,2.5,,,,,under,DK NJ,Diamondbacks,Slade Cecconi,strikeouts
3,,,-160,2.5,,,,,over,DK NJ,Diamondbacks,Slade Cecconi,strikeouts
6,,,120,2.5,,,,,under,PointsBet NJ,Diamondbacks,Slade Cecconi,strikeouts
7,,,-160,2.5,,,,,over,PointsBet NJ,Diamondbacks,Slade Cecconi,strikeouts
8,,,130,2.5,,,,,under,bet365 NJ,Diamondbacks,Slade Cecconi,strikeouts
9,,,-160,2.5,,,,,over,bet365 NJ,Diamondbacks,Slade Cecconi,strikeouts
123,0.021784463816255,C-,114,4.5,True,5.0,4.712132034355964,4.73,under,Best Odds,Cardinals,Sonny Gray,strikeouts
122,-0.079238117868653,F,-144,4.5,False,3.0,5.136396103067892,4.73,over,Best Odds,Cardinals,Sonny Gray,strikeouts
128,0.034528728896969,C,120,4.5,True,6.0,4.924264068711928,4.73,under,BetMGM NJ,Cardinals,Sonny Gray,strikeouts
129,-0.096917320697325,F,-155,4.5,False,3.0,5.136396103067892,4.73,over,BetMGM NJ,Cardinals,Sonny Gray,strikeouts
133,0.012883707251947,C-,110,4.5,True,5.0,4.712132034355964,4.73,under,Caesars NJ,Cardinals,Sonny Gray,strikeouts
132,-0.090667808940431,F,-151,4.5,False,3.0,5.136396103067892,4.73,over,Caesars NJ,Cardinals,Sonny Gray,strikeouts
125,-0.006128628334758,D+,-150,4.5,True,5.0,5.136396103067892,5.2,over,DK NJ,Cardinals,Sonny Gray,strikeouts
124,-0.058987650735009,F,115,4.5,False,3.0,4.712132034355964,5.2,under,DK NJ,Cardinals,Sonny Gray,strikeouts
126,0.021784463816255,C-,114,4.5,True,5.0,4.712132034355964,4.73,under,FanDuel NJ,Cardinals,Sonny Gray,strikeouts
127,-0.079238117868653,F,-144,4.5,False,3.0,5.136396103067892,4.73,over,FanDuel NJ,Cardinals,Sonny Gray,strikeouts
130,0.012883707251947,C-,110,4.5,True,5.0,4.712132034355964,4.73,under,PointsBet NJ,Cardinals,Sonny Gray,strikeouts
131,-0.080910918136301,F,-145,4.5,False,3.0,5.136396103067892,4.73,over,PointsBet NJ,Cardinals,Sonny Gray,strikeouts
268,-0.02023578769209,D+,100,6.5,True,5.0,6.5,6.54,over,Best Odds,Guardians,Tanner Bibee,strikeouts
269,-0.039235577946677,D,-127,6.5,False,3.0,5.990098048640722,6.54,under,Best Odds,Guardians,Tanner Bibee,strikeouts
276,-0.025218757762455,D,-120,6.5,True,3.0,5.990098048640722,6.54,under,BetMGM NJ,Guardians,Tanner Bibee,strikeouts
277,-0.044045311501614,D,-110,6.5,False,4.0,6.754950975679639,6.54,over,BetMGM NJ,Guardians,Tanner Bibee,strikeouts
274,-0.02931376185746,D,-122,6.5,True,3.0,5.990098048640722,6.54,under,BetRivers NJ,Guardians,Tanner Bibee,strikeouts
275,-0.039466556922859,D,-108,6.5,False,4.0,6.754950975679639,6.54,over,BetRivers NJ,Guardians,Tanner Bibee,strikeouts
282,-0.00583056301881,D+,-111,6.5,True,4.0,6.245049024320361,6.54,under,Caesars NJ,Guardians,Tanner Bibee,strikeouts
283,-0.071805294418547,F,-123,6.5,False,4.0,7.009901951359278,6.54,over,Caesars NJ,Guardians,Tanner Bibee,strikeouts
270,-0.025218757762455,D,-120,6.5,True,3.0,5.990098048640722,6.54,under,DK NJ,Guardians,Tanner Bibee,strikeouts
271,-0.03243090964331,D,-105,6.5,False,4.0,6.754950975679639,6.54,over,DK NJ,Guardians,Tanner Bibee,strikeouts
273,-0.005672680895974,D+,106,6.5,True,6.0,6.245049024320361,6.54,over,FanDuel NJ,Guardians,Tanner Bibee,strikeouts
272,-0.052413784957483,F,-134,6.5,False,3.0,5.990098048640722,6.54,under,FanDuel NJ,Guardians,Tanner Bibee,strikeouts
279,-0.03243090964331,D,-105,6.5,True,4.0,6.754950975679639,6.54,over,PointsBet NJ,Guardians,Tanner Bibee,strikeouts
278,-0.035319767863466,D,-125,6.5,False,3.0,5.990098048640722,6.54,under,PointsBet NJ,Guardians,Tanner Bibee,strikeouts
280,-0.003573736117434,D+,-110,6.5,True,4.0,6.245049024320361,6.54,under,bet365 NJ,Guardians,Tanner Bibee,strikeouts
281,-0.065690333146635,F,-120,6.5,False,4.0,7.009901951359278,6.54,over,bet365 NJ,Guardians,Tanner Bibee,strikeouts
19,0.079107736275952,B-,-165,7.5,True,5.0,6.404554884989668,6.3,under,Best Odds,Dodgers,Tyler Glasnow,strikeouts
18,-0.156294700255368,F,120,7.5,False,3.0,6.952277442494834,6.3,over,Best Odds,Dodgers,Tyler Glasnow,strikeouts
24,0.04657683191681,C,-190,7.5,True,5.0,6.404554884989668,6.3,under,BetMGM NJ,Dodgers,Tyler Glasnow,strikeouts
25,-0.118415912376581,F,140,7.5,False,4.0,6.678416163742251,6.3,over,BetMGM NJ,Dodgers,Tyler Glasnow,strikeouts
31,0.041885300131683,C,-194,7.5,True,5.0,6.130693606237085,6.3,under,Caesars NJ,Dodgers,Tyler Glasnow,strikeouts
30,-0.120159287550918,F,139,7.5,False,4.0,6.678416163742251,6.3,over,Caesars NJ,Dodgers,Tyler Glasnow,strikeouts
21,0.035441006402973,C,-165,7.5,True,4.0,6.404554884989668,6.6,under,DK NJ,Dodgers,Tyler Glasnow,strikeouts
20,-0.112627970382389,F,120,7.5,False,4.0,6.952277442494834,6.6,over,DK NJ,Dodgers,Tyler Glasnow,strikeouts
23,0.012982863294999,C-,108,6.5,True,5.0,6.754950975679639,6.71,under,FanDuel NJ,Dodgers,Tyler Glasnow,strikeouts
22,-0.070023280504908,F,-136,6.5,False,4.0,7.009901951359278,6.71,over,FanDuel NJ,Dodgers,Tyler Glasnow,strikeouts
26,0.028635814994463,C,115,6.5,True,5.0,6.754950975679639,6.71,under,PointsBet NJ,Dodgers,Tyler Glasnow,strikeouts
27,-0.09375209406423,F,-150,6.5,False,3.0,7.264852927038917,6.71,over,PointsBet NJ,Dodgers,Tyler Glasnow,strikeouts
28,0.109912511016036,B,-145,7.5,True,6.0,6.678416163742251,6.3,under,bet365 NJ,Dodgers,Tyler Glasnow,strikeouts
29,-0.166865524779681,F,115,7.5,False,2.0,7.226138721247417,6.3,over,bet365 NJ,Dodgers,Tyler Glasnow,strikeouts
